 
{
    "X": [0.0, -0.2, -0.4, 0.0],
    "Y": [0.0, 0.0, 0.0, 0.0],
    "Z": [0.0, -0.51, -0.4, 0.0],
    "quat_X": [1.0, 0.7071067811865475, 0.7071067811865475, 1.0],
    "quat_Y": [0.0, 0.0, 0.0, 0.0],
    "quat_Z": [0.0, -0.7071067811865475, -0.7071067811865475, 0.0],
    "quat_W": [0.0, 0.0, 0.0, 0.0]
} 
