 
{
    "X": [0.25, 0.24198717534908906, 0.21846234426744626, 0.18093350952626758, 0.13180636690262568, 0.0742300938320688, 0.011895478955935561, -0.05120166701629767, -0.11101665315144352, -0.16371518348632125, -0.20591914535745812, -0.2349231551964771, -0.24886798064327115, -0.24685972216909857, -0.2290271143580174, -0.19651327368569688, -0.15140242178441668, -0.09658628142328218, -0.03557870956832133, 0.027709549975252698, 0.0892215553979679, 0.14501422739279948, 0.19151111077974445, 0.22573163457165527, 0.2454821743156767, 0.24949666911797108, 0.23751777943523633, 0.21031338320779513, 0.16962735288928302, 0.11806776869317084, 0.05893973387735679, -0.003966490958702208, -0.06661845342250874, -0.12500000000000017, -0.1753687219265803, -0.21449585330874435, -0.23987324340362434, -0.2498741355957963, -0.2438574467213518, -0.2222088621637308, -0.18631611241893875, -0.13848001596652748, -0.08176699082935554, -0.01981248921419705, 0.043412044416732416, 0.10385375325047164, 0.15763816677113046, 0.20131756438276466, 0.23209198325401822, 0.24798870320769884, 0.2479887032076988, 0.23209198325401817, 0.20131756438276455, 0.15763816677113068, 0.10385375325047148, 0.04341204441673269, -0.019812489214197218, -0.08176699082935486, -0.13848001596652762, -0.18631611241893856, -0.2222088621637311, -0.24385744672135182, -0.24987413559579627, -0.2398732434036244, -0.2144958533087445, -0.17536872192658082, -0.12499999999999925, -0.06661845342250815, -0.003966490958701596, 0.05893973387735695, 0.11806776869317061, 0.1696273528892828, 0.210313383207795, 0.2375177794352361, 0.24949666911797114, 0.24548217431567657, 0.22573163457165518, 0.19151111077974448, 0.1450142273927997, 0.08922155539796836, 0.027709549975253416, -0.03557870956832215, -0.09658628142328275, -0.15140242178441699, -0.19651327368569696, -0.22902711435801737, -0.24685972216909854, -0.2488679806432712, -0.23492315519647736, -0.20591914535745776, -0.16371518348632086, -0.11101665315144327, -0.051201667016297615, 0.011895478955935396, 0.07423009383206833, 0.13180636690262507, 0.18093350952626816, 0.21846234426744657, 0.24198717534908917, 0.25],
    "Y": [0.0, -0.0, -0.0, -0.0, -0.0, -0.0, -0.0, 0.0, 0.0, 0.0, 0.0, 0.0, 0.0, -0.0, -0.0, -0.0, -0.0, -0.0, -0.0, 0.0, 0.0, 0.0, 0.0, 0.0, 0.0, -0.0, -0.0, -0.0, -0.0, -0.0, -0.0, 0.0, 0.0, 0.0, 0.0, 0.0, 0.0, 0.0, -0.0, -0.0, -0.0, -0.0, -0.0, -0.0, 0.0, 0.0, 0.0, 0.0, 0.0, 0.0, -0.0, -0.0, -0.0, -0.0, -0.0, -0.0, 0.0, 0.0, 0.0, 0.0, 0.0, 0.0, -0.0, -0.0, -0.0, -0.0, -0.0, -0.0, -0.0, 0.0, 0.0, 0.0, 0.0, 0.0, 0.0, -0.0, -0.0, -0.0, -0.0, -0.0, -0.0, 0.0, 0.0, 0.0, 0.0, 0.0, 0.0, -0.0, -0.0, -0.0, -0.0, -0.0, -0.0, 0.0, 0.0, 0.0, 0.0, 0.0, 0.0, -0.0],
    "Z": [1.5308084989341915e-17, -0.06278699679526978, -0.12154918402511714, -0.17251975287052795, -0.21243135748737857, -0.23872556036101844, -0.249716834795752, -0.24470061155369469, -0.22399844357283397, -0.1889373935885646, -0.1417649659656928, -0.08550503583141714, -0.023764010826045623, 0.03950034899333751, 0.10023263385165343, 0.1545397465551513, 0.19894046013270802, 0.23058857352614534, 0.24745536047023317, 0.24845961611531353, 0.2335369650662767, 0.203643988012584, 0.1606969024216349, 0.107448728022293, 0.04731281109010245, -0.015855979914141213, -0.07800836142462185, -0.13516020436389964, -0.18364792716438336, -0.2203633408618954, -0.2429528920808854, -0.24996853191846877, -0.2409605396399855, -0.21650635094610957, -0.17817354284471573, -0.12841934789335144, -0.07043313921035749, -0.007931983374516768, 0.05507763319663507, 0.1145566304318527, 0.16669225012907282, 0.20814246365869288, 0.2362502046786671, 0.2492136939879856, 0.24620193825305203, 0.22740799883862958, 0.19403661607293934, 0.1482269822636601, 0.09291561391508169, 0.03164811339343734, -0.0316481133934375, -0.09291561391508184, -0.14822698226366024, -0.19403661607293915, -0.22740799883862964, -0.246201938253052, -0.24921369398798557, -0.2362502046786673, -0.2081424636586928, -0.16669225012907302, -0.11455663043185216, -0.055077633196634904, 0.007931983374516937, 0.07043313921035722, 0.12841934789335122, 0.17817354284471523, 0.2165063509461101, 0.24096053963998568, 0.24996853191846877, 0.24295289208088539, 0.22036334086189555, 0.18364792716438352, 0.13516020436389986, 0.07800836142462253, 0.01585597991414038, -0.04731281109010305, -0.10744872802229315, -0.16069690242163487, -0.20364398801258382, -0.23353696506627653, -0.24845961611531348, -0.24745536047023306, -0.2305885735261451, -0.19894046013270777, -0.15453974655515118, -0.10023263385165349, -0.03950034899333778, 0.023764010826045127, 0.08550503583141646, 0.14176496596569332, 0.18893739358856493, 0.2239984435728341, 0.24470061155369469, 0.249716834795752, 0.2387255603610186, 0.21243135748737893, 0.17251975287052734, 0.1215491840251166, 0.06278699679526939, -1.8385176503125006e-16],
    "quat_X": [0.7071067811865475, 0.7071067811865475, 0.7071067811865475, 0.7071067811865475, 0.7071067811865475, 0.7071067811865475, 0.7071067811865475, 0.7071067811865475, 0.7071067811865475, 0.7071067811865475, 0.7071067811865475, 0.7071067811865475, 0.7071067811865475, 0.7071067811865475, 0.7071067811865475, 0.7071067811865475, 0.7071067811865475, 0.7071067811865475, 0.7071067811865475, 0.7071067811865475, 0.7071067811865475, 0.7071067811865475, 0.7071067811865475, 0.7071067811865475, 0.7071067811865475, 0.7071067811865475, 0.7071067811865475, 0.7071067811865475, 0.7071067811865475, 0.7071067811865475, 0.7071067811865475, 0.7071067811865475, 0.7071067811865475, 0.7071067811865475, 0.7071067811865475, 0.7071067811865475, 0.7071067811865475, 0.7071067811865475, 0.7071067811865475, 0.7071067811865475, 0.7071067811865475, 0.7071067811865475, 0.7071067811865475, 0.7071067811865475, 0.7071067811865475, 0.7071067811865475, 0.7071067811865475, 0.7071067811865475, 0.7071067811865475, 0.7071067811865475, 0.7071067811865475, 0.7071067811865475, 0.7071067811865475, 0.7071067811865475, 0.7071067811865475, 0.7071067811865475, 0.7071067811865475, 0.7071067811865475, 0.7071067811865475, 0.7071067811865475, 0.7071067811865475, 0.7071067811865475, 0.7071067811865475, 0.7071067811865475, 0.7071067811865475, 0.7071067811865475, 0.7071067811865475, 0.7071067811865475, 0.7071067811865475, 0.7071067811865475, 0.7071067811865475, 0.7071067811865475, 0.7071067811865475, 0.7071067811865475, 0.7071067811865475, 0.7071067811865475, 0.7071067811865475, 0.7071067811865475, 0.7071067811865475, 0.7071067811865475, 0.7071067811865475, 0.7071067811865475, 0.7071067811865475, 0.7071067811865475, 0.7071067811865475, 0.7071067811865475, 0.7071067811865475, 0.7071067811865475, 0.7071067811865475, 0.7071067811865475, 0.7071067811865475, 0.7071067811865475, 0.7071067811865475, 0.7071067811865475, 0.7071067811865475, 0.7071067811865475, 0.7071067811865475, 0.7071067811865475, 0.7071067811865475, 0.7071067811865475],