 
{
    "X": [0.0, 0.015221740717575481, 0.030382188857699822, 0.04542029864649845, 0.06027551692345901, 0.07488802696763691, 0.08919898935847861, 0.10315077890140119, 0.11668721666411248, 0.1297537961893434, 0.1422979029731137, 0.1542690263247694, 0.1656189627557069, 0.176302010077808, 0.18627515143002163, 0.19549822849208057, 0.20393410318788344, 0.2115488072274197, 0.2183116788850844, 0.22419548646362558, 0.22917653794657772, 0.23323477639765, 0.2363538607229299, 0.23852123147070098, 0.2397281614039219, 0.23996979064173002, 0.23924514622846615, 0.23755714605142383, 0.2349125870915469, 0.23132211805438607, 0.22680019649152042, 0.22136503058509951, 0.2150385058299206, 0.20784609690826522, 0.19981676511234514, 0.19098284172739968, 0.18137989784502198, 0.17104660113092704, 0.16002456012391, 0.14835815669294522, 0.136094367327065, 0.12328257397761751, 0.10997436521457853, 0.09622332849758726, 0.08208483439816053, 0.06761581364194312, 0.05287452786876979, 0.03792033503360397, 0.022813450393003785, 0.007614704039536237, -0.007614704039536286, -0.02281345039300383, -0.03792033503360402, -0.052874527868769734, -0.06761581364194316, -0.08208483439816047, -0.0962233284975873, -0.10997436521457847, -0.12328257397761753, -0.13609436732706495, -0.14835815669294525, -0.16002456012390995, -0.1710466011309271, -0.18137989784502195, -0.1909828417273997, -0.1998167651123451, -0.2078460969082653, -0.21503850582992062, -0.22136503058509951, -0.2268001964915204, -0.2313221180543861, -0.2349125870915469, -0.23755714605142383, -0.23924514622846613, -0.23996979064173002, -0.2397281614039219, -0.23852123147070098, -0.23635386072292994, -0.23323477639765, -0.22917653794657772, -0.2241954864636256, -0.21831167888508438, -0.21154880722741967, -0.20393410318788344, -0.1954982284920806, -0.18627515143002157, -0.17630201007780796, -0.1656189627557069, -0.1542690263247695, -0.14229790297311365, -0.12975379618934338, -0.11668721666411251, -0.10315077890140126, -0.08919898935847853, -0.0748880269676369, -0.060275516923459053, -0.04542029864649834, -0.03038218885769977, -0.015221740717575484, -5.878304635907295e-17],
    "Y": [0.0, 0.025318490714749856, 0.05022959743621585, 0.07433249113206551, 0.09723934722009375, 0.11858158581092809, 0.1380158022964224, 0.15522929285835138, 0.16994508598990288, 0.1819263990709037, 0.19098044828881477, 0.1969615506024416, 0.1997734678366016, 0.1993709551903885, 0.19576048924295575, 0.1890001637429337, 0.1791987548582672, 0.1665139709269543, 0.15114991487085166, 0.13335380010325834, 0.11341197277255417, 0.09164530434548211, 0.06840402866513377, 0.04406210655730816, 0.019011208660836488, -0.006345586699613572, -0.03160027919467002, -0.05634651136828597, -0.08018610708132276, -0.10273547831468129, -0.12363179724412106, -0.1425388342757726, -0.15915236810616643, -0.17320508075688779, -0.1844708588209163, -0.19276843171198843, -0.19796428837618654, -0.19997482553477502, -0.19876769289225082, -0.19436231366470835, -0.18682957205302136, -0.1762906726895164, -0.1629151904100672, -0.14691834173150664, -0.12855752193730793, -0.10812816349111949, -0.0859589824178344, -0.062406689139697415, -0.03785024887208195, -0.012684783931312905, 0.012684783931312985, 0.03785024887208203, 0.06240668913969749, 0.0859589824178343, 0.10812816349111956, 0.12855752193730782, 0.1469183417315067, 0.16291519041006713, 0.17629067268951643, 0.18682957205302134, 0.19436231366470835, 0.19876769289225082, 0.19997482553477502, 0.19796428837618657, 0.19276843171198843, 0.18447085882091632, 0.17320508075688767, 0.1591523681061664, 0.1425388342757726, 0.12363179724412113, 0.10273547831468116, 0.08018610708132269, 0.05634651136828598, 0.031600279194670115, 0.006345586699613402, -0.019011208660836568, -0.04406210655730807, -0.0684040286651336, -0.09164530434548218, -0.11341197277255416, -0.13335380010325826, -0.15114991487085178, -0.16651397092695433, -0.1791987548582672, -0.18900016374293369, -0.19576048924295578, -0.1993709551903885, -0.1997734678366016, -0.19696155060244164, -0.19098044828881475, -0.1819263990709037, -0.1699450859899029, -0.15522929285835146, -0.13801580229642232, -0.11858158581092809, -0.09723934722009381, -0.07433249113206535, -0.05022959743621576, -0.02531849071474986, -9.797174393178826e-17],
    "Z": [0.0, 0.0, 0.0, 0.0, 0.0, 0.0, 0.0, 0.0, 0.0, 0.0, 0.0, 0.0, 0.0, 0.0, 0.0, 0.0, 0.0, 0.0, 0.0, 0.0, 0.0, 0.0, 0.0, 0.0, 0.0, -0.0, -0.0, -0.0, -0.0, -0.0, -0.0, -0.0, -0.0, -0.0, -0.0, -0.0, -0.0, -0.0, -0.0, -0.0, -0.0, -0.0, -0.0, -0.0, -0.0, -0.0, -0.0, -0.0, -0.0, -0.0, -0.0, -0.0, -0.0, -0.0, -0.0, -0.0, -0.0, -0.0, -0.0, -0.0, -0.0, -0.0, -0.0, -0.0, -0.0, -0.0, -0.0, -0.0, -0.0, -0.0, -0.0, -0.0, -0.0, -0.0, -0.0, 0.0, 0.0, 0.0, 0.0, 0.0, 0.0, 0.0, 0.0, 0.0, 0.0, 0.0, 0.0, 0.0, 0.0, 0.0, 0.0, 0.0, 0.0, 0.0, 0.0, 0.0, 0.0, 0.0, 0.0, 0.0],
    "quat_X": [1.0, 1.0, 1.0, 1.0, 1.0, 1.0, 1.0, 1.0, 1.0, 1.0, 1.0, 1.0, 1.0, 1.0, 1.0, 1.0, 1.0, 1.0, 1.0, 1.0, 1.0, 1.0, 1.0, 1.0, 1.0, 1.0, 1.0, 1.0, 1.0, 1.0, 1.0, 1.0, 1.0, 1.0, 1.0, 1.0, 1.0, 1.0, 1.0, 1.0, 1.0, 1.0, 1.0, 1.0, 1.0, 1.0, 1.0, 1.0, 1.0, 1.0, 1.0, 1.0, 1.0, 1.0, 1.0, 1.0, 1.0, 1.0, 1.0, 1.0, 1.0, 1.0, 1.0, 1.0, 1.0, 1.0, 1.0, 1.0, 1.0, 1.0, 1.0, 1.0, 1.0, 1.0, 1.0, 1.0, 1.0, 1.0, 1.0, 1.0, 1.0, 1.0, 1.0, 1.0, 1.0, 1.0, 1.0, 1.0, 1.0, 1.0, 1.0, 1.0, 1.0, 1.0, 1.0, 1.0, 1.0, 1.0, 1.0, 1.0],
    "quat_Y": [0.0, 0.0, 0.0, 0.0, 0.0, 0.0, 0.0, 0.0, 0.0, 0.0, 0.0, 0.0, 0.0, 0.0, 0.0, 0.0, 0.0, 0.0, 0.0, 0.0, 0.0, 0.0, 0.0, 0.0, 0.0, 0.0, 0.0, 0.0, 0.0, 0.0, 0.0, 0.0, 0.0, 0.0, 0.0, 0.0, 0.0, 0.0, 0.0, 0.0, 0.0, 0.0, 0.0, 0.0, 0.0, 0.0, 0.0, 0.0, 0.0, 0.0, 0.0, 0.0, 0.0, 0.0, 0.0, 0.0, 0.0, 0.0, 0.0, 0.0, 0.0, 0.0, 0.0, 0.0, 0.0, 0.0, 0.0, 0.0, 0.0, 0.0, 0.0, 0.0, 0.0, 0.0, 0.0, 0.0, 0.0, 0.0, 0.0, 0.0, 0.0, 0.0, 0.0, 0.0, 0.0, 0.0, 0.0, 0.0, 0.0, 0.0, 0.0, 0.0, 0.0, 0.0, 0.0, 0.0, 0.0, 0.0, 0.0, 0.0],
    "quat_Z": [0.0, 0.0, 0.0, 0.0, 0.0, 0.0, 0.0, 0.0, 0.0, 0.0, 0.0, 0.0, 0.0, 0.0, 0.0, 0.0, 0.0, 0.0, 0.0, 0.0, 0.0, 0.0, 0.0, 0.0, 0.0, 0.0, 0.0, 0.0, 0.0, 0.0, 0.0, 0.0, 0.0, 0.0, 0.0, 0.0, 0.0, 0.0, 0.0, 0.0, 0.0, 0.0, 0.0, 0.0, 0.0, 0.0, 0.0, 0.0, 0.0, 0.0, 0.0, 0.0, 0.0, 0.0, 0.0, 0.0, 0.0, 0.0, 0.0, 0.0, 0.0, 0.0, 0.0, 0.0, 0.0, 0.0, 0.0, 0.0, 0.0, 0.0, 0.0, 0.0, 0.0, 0.0, 0.0, 0.0, 0.0, 0.0, 0.0, 0.0, 0.0, 0.0, 0.0, 0.0, 0.0, 0.0, 0.0, 0.0, 0.0, 0.0, 0.0, 0.0, 0.0, 0.0, 0.0, 0.0, 0.0, 0.0, 0.0, 0.0],
    "quat_W": [0.0, 0.0, 0.0, 0.0, 0.0, 0.0, 0.0, 0.0, 0.0, 0.0, 0.0, 0.0, 0.0, 0.0, 0.0, 0.0, 0.0, 0.0, 0.0, 0.0, 0.0, 0.0, 0.0, 0.0, 0.0, 0.0, 0.0, 0.0, 0.0, 0.0, 0.0, 0.0, 0.0, 0.0, 0.0, 0.0, 0.0, 0.0, 0.0, 0.0, 0.0, 0.0, 0.0, 0.0, 0.0, 0.0, 0.0, 0.0, 0.0, 0.0, 0.0, 0.0, 0.0, 0.0, 0.0, 0.0, 0.0, 0.0, 0.0, 0.0, 0.0, 0.0, 0.0, 0.0, 0.0, 0.0, 0.0, 0.0, 0.0, 0.0, 0.0, 0.0, 0.0, 0.0, 0.0, 0.0, 0.0, 0.0, 0.0, 0.0, 0.0, 0.0, 0.0, 0.0, 0.0, 0.0, 0.0, 0.0, 0.0, 0.0, 0.0, 0.0, 0.0, 0.0, 0.0, 0.0, 0.0, 0.0, 0.0, 0.0]
} 
