 
{
    "X": [0.25, 0.24198717534908906, 0.21846234426744626, 0.18093350952626758, 0.13180636690262568, 0.0742300938320688, 0.011895478955935561, -0.05120166701629767, -0.11101665315144352, -0.16371518348632125, -0.20591914535745812, -0.2349231551964771, -0.24886798064327115, -0.24685972216909857, -0.2290271143580174, -0.19651327368569688, -0.15140242178441668, -0.09658628142328218, -0.03557870956832133, 0.027709549975252698, 0.0892215553979679, 0.14501422739279948, 0.19151111077974445, 0.22573163457165527, 0.2454821743156767, 0.24949666911797108, 0.23751777943523633, 0.21031338320779513, 0.16962735288928302, 0.11806776869317084, 0.05893973387735679, -0.003966490958702208, -0.06661845342250874, -0.12500000000000017, -0.1753687219265803, -0.21449585330874435, -0.23987324340362434, -0.2498741355957963, -0.2438574467213518, -0.2222088621637308, -0.18631611241893875, -0.13848001596652748, -0.08176699082935554, -0.01981248921419705, 0.043412044416732416, 0.10385375325047164, 0.15763816677113046, 0.20131756438276466, 0.23209198325401822, 0.24798870320769884, 0.2479887032076988, 0.23209198325401817, 0.20131756438276455, 0.15763816677113068, 0.10385375325047148, 0.04341204441673269, -0.019812489214197218, -0.08176699082935486, -0.13848001596652762, -0.18631611241893856, -0.2222088621637311, -0.24385744672135182, -0.24987413559579627, -0.2398732434036244, -0.2144958533087445, -0.17536872192658082, -0.12499999999999925, -0.06661845342250815, -0.003966490958701596, 0.05893973387735695, 0.11806776869317061, 0.1696273528892828, 0.210313383207795, 0.2375177794352361, 0.24949666911797114, 0.24548217431567657, 0.22573163457165518, 0.19151111077974448, 0.1450142273927997, 0.08922155539796836, 0.027709549975253416, -0.03557870956832215, -0.09658628142328275, -0.15140242178441699, -0.19651327368569696, -0.22902711435801737, -0.24685972216909854, -0.2488679806432712, -0.23492315519647736, -0.20591914535745776, -0.16371518348632086, -0.11101665315144327, -0.051201667016297615, 0.011895478955935396, 0.07423009383206833, 0.13180636690262507, 0.18093350952626816, 0.21846234426744657, 0.24198717534908917, 0.25],
    "Y": [1.83697019872103e-17, -0.07292951041507029, -0.12745881449242713, -0.14983010087745122, -0.13439906614370042, -0.0850589795794157, -0.014258406495627386, 0.06013958031099206, 0.11936427607962483, 0.1484732162821399, 0.1401221790397661, 0.09641814145298087, 0.028387686654061488, -0.04680501685477311, -0.11018875629863001, -0.14577173524853126, -0.14457632378399135, -0.10690412570682947, -0.04225988352621451, 0.03304657991798104, 0.1000153500774437, 0.14175012280720026, 0.14772116295183127, 0.11642196964376363, 0.055749368349049026, -0.018988868036062496, -0.08893618935819615, -0.13644479930317793, -0.14952821639279137, -0.12488547819521585, -0.06873397825911155, 0.004759190024710419, 0.07705160873601095, 0.12990381056766595, 0.14998111915108128, 0.13221800451713722, 0.0810961226183397, 0.009513587948484505, -0.06446923681337566, -0.12218639280755046, -0.14907576966918812, -0.1383531441156872, -0.09272384793309094, -0.023700209396002415, 0.051303021498850125, 0.11336243615313879, 0.14682036693221678, 0.1432353362166111, 0.10351185172231663, 0.037672198077161906, -0.03767219807716211, -0.10351185172231678, -0.14323533621661116, -0.14682036693221684, -0.11336243615313865, -0.05130302149885043, 0.023700209396002616, 0.09272384793309026, 0.13835314411568725, 0.14907576966918815, 0.12218639280755003, 0.06446923681337548, -0.009513587948484706, -0.08109612261833943, -0.13221800451713706, -0.1499811191510813, -0.1299038105676653, -0.07705160873601033, -0.004759190024709685, 0.06873397825911173, 0.12488547819521566, 0.14952821639279135, 0.13644479930317804, 0.08893618935819686, 0.0189888680360615, -0.05574936834904971, -0.11642196964376375, -0.14772116295183124, -0.14175012280720037, -0.10001535007744414, -0.03304657991798188, 0.042259883526215465, 0.10690412570682999, 0.14457632378399146, 0.1457717352485312, 0.11018875629863006, 0.04680501685477342, -0.028387686654060898, -0.09641814145298021, -0.14012217903976634, -0.14847321628213983, -0.11936427607962462, -0.060139580310992, 0.014258406495627188, 0.0850589795794152, 0.13439906614370006, 0.14983010087745116, 0.12745881449242677, 0.07292951041506987, -2.206221180375001e-16],
    "Z": [1.3164953090834047e-17, -0.05399681724393201, -0.10453229826160074, -0.14836698746865404, -0.18269096743914556, -0.20530398191047586, -0.2147564779243467, -0.21044252593617743, -0.1926386614726372, -0.16248615848616554, -0.1219178707304958, -0.07353433081501874, -0.020437049310399236, 0.033970300134270257, 0.08620006511242195, 0.1329041820374301, 0.1710887957141289, 0.19830617323248498, 0.21281161000440052, 0.21367526985916963, 0.20084178995699795, 0.17513382969082222, 0.138199336082606, 0.09240590609917197, 0.040689017537488104, -0.013636142726161444, -0.0670871908251748, -0.11623777575295369, -0.15793721736136968, -0.18951247314123004, -0.20893948718956146, -0.21497293744988313, -0.20722606409038755, -0.18619546181365423, -0.15322924684645553, -0.11044063918828223, -0.06057249972090744, -0.00682150570208442, 0.04736676454910616, 0.09851870217139332, 0.14335533511100262, 0.17900251874647588, 0.2031751760236537, 0.2143237768296676, 0.21173366689762474, 0.19557087900122144, 0.16687148982272784, 0.12747520474674767, 0.07990742796697024, 0.02721737751835611, -0.02721737751835625, -0.07990742796697038, -0.1274752047467478, -0.16687148982272768, -0.1955708790012215, -0.2117336668976247, -0.21432377682966758, -0.20317517602365387, -0.1790025187464758, -0.1433553351110028, -0.09851870217139286, -0.047366764549106016, 0.006821505702084565, 0.06057249972090721, 0.11044063918828205, 0.15322924684645509, 0.18619546181365468, 0.20722606409038768, 0.21497293744988313, 0.20893948718956143, 0.18951247314123015, 0.1579372173613698, 0.11623777575295388, 0.06708719082517538, 0.013636142726160727, -0.040689017537488624, -0.09240590609917211, -0.13819933608260598, -0.17513382969082208, -0.2008417899569978, -0.2136752698591696, -0.21281161000440044, -0.19830617323248478, -0.1710887957141287, -0.13290418203743, -0.086200065112422, -0.033970300134270486, 0.02043704931039881, 0.07353433081501815, 0.12191787073049626, 0.16248615848616585, 0.19263866147263733, 0.21044252593617743, 0.2147564779243467, 0.205303981910476, 0.18269096743914587, 0.1483669874686535, 0.10453229826160026, 0.053996817243931676, -1.5811251792687505e-16],
    "quat_X": [1.0, 1.0, 1.0, 1.0, 1.0, 1.0, 1.0, 1.0, 1.0, 1.0, 1.0, 1.0, 1.0, 1.0, 1.0, 1.0, 1.0, 1.0, 1.0, 1.0, 1.0, 1.0, 1.0, 1.0, 1.0, 1.0, 1.0, 1.0, 1.0, 1.0, 1.0, 1.0, 1.0, 1.0, 1.0, 1.0, 1.0, 1.0, 1.0, 1.0, 1.0, 1.0, 1.0, 1.0, 1.0, 1.0, 1.0, 1.0, 1.0, 1.0, 1.0, 1.0, 1.0, 1.0, 1.0, 1.0, 1.0, 1.0, 1.0, 1.0, 1.0, 1.0, 1.0, 1.0, 1.0, 1.0, 1.0, 1.0, 1.0, 1.0, 1.0, 1.0, 1.0, 1.0, 1.0, 1.0, 1.0, 1.0, 1.0, 1.0, 1.0, 1.0, 1.0, 1.0, 1.0, 1.0, 1.0, 1.0, 1.0, 1.0, 1.0, 1.0, 1.0, 1.0, 1.0, 1.0, 1.0, 1.0, 1.0, 1.0],
    "quat_Y": [0.0, 0.0, 0.0, 0.0, 0.0, 0.0, 0.0, 0.0, 0.0, 0.0, 0.0, 0.0, 0.0, 0.0, 0.0, 0.0, 0.0, 0.0, 0.0, 0.0, 0.0, 0.0, 0.0, 0.0, 0.0, 0.0, 0.0, 0.0, 0.0, 0.0, 0.0, 0.0, 0.0, 0.0, 0.0, 0.0, 0.0, 0.0, 0.0, 0.0, 0.0, 0.0, 0.0, 0.0, 0.0, 0.0, 0.0, 0.0, 0.0, 0.0, 0.0, 0.0, 0.0, 0.0, 0.0, 0.0, 0.0, 0.0, 0.0, 0.0, 0.0, 0.0, 0.0, 0.0, 0.0, 0.0, 0.0, 0.0, 0.0, 0.0, 0.0, 0.0, 0.0, 0.0, 0.0, 0.0, 0.0, 0.0, 0.0, 0.0, 0.0, 0.0, 0.0, 0.0, 0.0, 0.0, 0.0, 0.0, 0.0, 0.0, 0.0, 0.0, 0.0, 0.0, 0.0, 0.0, 0.0, 0.0, 0.0, 0.0],
    "quat_Z": [0.0, 0.0, 0.0, 0.0, 0.0, 0.0, 0.0, 0.0, 0.0, 0.0, 0.0, 0.0, 0.0, 0.0, 0.0, 0.0, 0.0, 0.0, 0.0, 0.0, 0.0, 0.0, 0.0, 0.0, 0.0, 0.0, 0.0, 0.0, 0.0, 0.0, 0.0, 0.0, 0.0, 0.0, 0.0, 0.0, 0.0, 0.0, 0.0, 0.0, 0.0, 0.0, 0.0, 0.0, 0.0, 0.0, 0.0, 0.0, 0.0, 0.0, 0.0, 0.0, 0.0, 0.0, 0.0, 0.0, 0.0, 0.0, 0.0, 0.0, 0.0, 0.0, 0.0, 0.0, 0.0, 0.0, 0.0, 0.0, 0.0, 0.0, 0.0, 0.0, 0.0, 0.0, 0.0, 0.0, 0.0, 0.0, 0.0, 0.0, 0.0, 0.0, 0.0, 0.0, 0.0, 0.0, 0.0, 0.0, 0.0, 0.0, 0.0, 0.0, 0.0, 0.0, 0.0, 0.0, 0.0, 0.0, 0.0, 0.0],