 
{
    "X": [0.22000000000000003, 0.2195570688238146, 0.218230058822775, 0.21602431339779551, 0.2129487143071984, 0.20901564590300803, 0.204240945263536, 0.1986438384230567, 0.19224686295535273, 0.18507577722285987, 0.17715945665683294, 0.16852977748617518, 0.15922148838311548, 0.1492720705425691, 0.13872158675859494, 0.12761252010566362, 0.11598960287431061, 0.10389963644999022, 0.091391302860415, 0.07851496875021184, 0.06532248257222055, 0.05186696581207403, 0.038202599086724666, 0.02438440397822246, 0.010468021481223295, -0.0034905120436578025, -0.017434990508493467, -0.03130926442012269, -0.04505746697434196, -0.05862423901180775, -0.07195495192983277, -0.08499592765248826, -0.09769465477327031, -0.11000000000000004, -0.12186241405054428, -0.1332341311702867, -0.1440693614679627, -0.15432447529539073, -0.16395817892866602, -0.17293168084341323, -0.18120884791456315, -0.188756350911695, -0.19554379870408317, -0.2015438606350554, -0.2067323765728999, -0.21108845419518946, -0.2145945531147896, -0.21723655550880677, -0.21900382296607865, -0.21988923932430074, -0.21988923932430074, -0.21900382296607865, -0.21723655550880677, -0.2145945531147896, -0.21108845419518948, -0.20673237657289992, -0.20154386063505533, -0.19554379870408323, -0.1887563509116949, -0.18120884791456318, -0.17293168084341326, -0.1639581789286661, -0.15432447529539078, -0.14406936146796284, -0.1332341311702867, -0.12186241405054432, -0.10999999999999995, -0.0976946547732703, -0.08499592765248833, -0.07195495192983284, -0.05862423901180764, -0.04505746697434194, -0.03130926442012277, -0.017434990508493547, -0.003490512043657688, 0.010468021481223312, 0.024384403978222377, 0.03820259908672459, 0.05186696581207404, 0.06532248257222047, 0.07851496875021176, 0.09139130286041511, 0.10389963644999023, 0.11598960287431054, 0.12761252010566357, 0.13872158675859503, 0.14927207054256914, 0.15922148838311545, 0.16852977748617515, 0.17715945665683294, 0.1850757772228599, 0.19224686295535268, 0.19864383842305666, 0.204240945263536, 0.209015645903008, 0.2129487143071984, 0.21602431339779554, 0.218230058822775, 0.2195570688238146, 0.22000000000000003],
    "Y": [2.6942229581241776e-17, -0.027850339786224813, -0.05525255717983739, -0.08176574024527203, -0.10696328194210308, -0.13043974439202088, -0.1518173825260646, -0.17075222214418656, -0.18693959458889314, -0.20011903897799407, -0.21007849311769625, -0.2166577056626858, -0.21975081462026178, -0.21930805070942735, -0.21533653816725132, -0.2079001801172271, -0.19711863034409396, -0.18316536801964972, -0.1662649063579368, -0.1466891801135842, -0.1247531700498097, -0.10080983478003035, -0.0752444315316471, -0.04846831721303901, -0.020912329526920168, 0.006980145369575, 0.034760307114136996, 0.06198116250511445, 0.08820471778945502, 0.1130090261461495, 0.13599497696853316, 0.15679271770334977, 0.17506760491678308, 0.19052558883257656, 0.20291794470300792, 0.2120452748831873, 0.21776071721380522, 0.21997230808825255, 0.21864446218147593, 0.21379854503117923, 0.20551252925832358, 0.19391973995846806, 0.17920670945107392, 0.1616101759046572, 0.1414132741310386, 0.11894097984023148, 0.09455488065961785, 0.06864735805366737, 0.04163527375929018, 0.013953262324444224, -0.013953262324444453, -0.0416352737592904, -0.06864735805366723, -0.09455488065961772, -0.11894097984023136, -0.14141327413103846, -0.16161017590465734, -0.17920670945107384, -0.19391973995846817, -0.20551252925832353, -0.2137985450311792, -0.21864446218147593, -0.21997230808825255, -0.21776071721380527, -0.2120452748831873, -0.20291794470300797, -0.19052558883257645, -0.17506760491678305, -0.15679271770334988, -0.13599497696853327, -0.1130090261461493, -0.08820471778945499, -0.06198116250511461, -0.03476030711413715, -0.006980145369574771, 0.0209123295269202, 0.04846831721303885, 0.07524443153164695, 0.10080983478003037, 0.12475317004980956, 0.1466891801135841, 0.16626490635793698, 0.18316536801964975, 0.19711863034409388, 0.20790018011722705, 0.21533653816725137, 0.21930805070942735, 0.21975081462026178, 0.21665770566268583, 0.21007849311769625, 0.20011903897799405, 0.18693959458889323, 0.17075222214418664, 0.15181738252606458, 0.13043974439202094, 0.10696328194210322, 0.0817657402452719, 0.05525255717983736, 0.02785033978622487, 1.3471114790620887e-16],
    "Z": [0.0, -0.0, -0.0, -0.0, -0.0, -0.0, -0.0, -0.0, -0.0, -0.0, -0.0, -0.0, -0.0, -0.0, -0.0, -0.0, -0.0, -0.0, -0.0, -0.0, -0.0, -0.0, -0.0, -0.0, -0.0, -0.0, -0.0, -0.0, -0.0, -0.0, -0.0, -0.0, -0.0, -0.0, -0.0, -0.0, -0.0, -0.0, -0.0, -0.0, -0.0, -0.0, -0.0, -0.0, -0.0, -0.0, -0.0, -0.0, -0.0, -0.0, 0.0, 0.0, 0.0, 0.0, 0.0, 0.0, 0.0, 0.0, 0.0, 0.0, 0.0, 0.0, 0.0, 0.0, 0.0, 0.0, 0.0, 0.0, 0.0, 0.0, 0.0, 0.0, 0.0, 0.0, 0.0, 0.0, 0.0, 0.0, 0.0, 0.0, 0.0, 0.0, 0.0, 0.0, 0.0, 0.0, 0.0, 0.0, 0.0, 0.0, 0.0, 0.0, 0.0, 0.0, 0.0, 0.0, 0.0, 0.0, 0.0, 0.0],
    "quat_X": [1.0, 1.0, 1.0, 1.0, 1.0, 1.0, 1.0, 1.0, 1.0, 1.0, 1.0, 1.0, 1.0, 1.0, 1.0, 1.0, 1.0, 1.0, 1.0, 1.0, 1.0, 1.0, 1.0, 1.0, 1.0, 1.0, 1.0, 1.0, 1.0, 1.0, 1.0, 1.0, 1.0, 1.0, 1.0, 1.0, 1.0, 1.0, 1.0, 1.0, 1.0, 1.0, 1.0, 1.0, 1.0, 1.0, 1.0, 1.0, 1.0, 1.0, 1.0, 1.0, 1.0, 1.0, 1.0, 1.0, 1.0, 1.0, 1.0, 1.0, 1.0, 1.0, 1.0, 1.0, 1.0, 1.0, 1.0, 1.0, 1.0, 1.0, 1.0, 1.0, 1.0, 1.0, 1.0, 1.0, 1.0, 1.0, 1.0, 1.0, 1.0, 1.0, 1.0, 1.0, 1.0, 1.0, 1.0, 1.0, 1.0, 1.0, 1.0, 1.0, 1.0, 1.0, 1.0, 1.0, 1.0, 1.0, 1.0, 1.0],
    "quat_Y": [0.0, 0.0, 0.0, 0.0, 0.0, 0.0, 0.0, 0.0, 0.0, 0.0, 0.0, 0.0, 0.0, 0.0, 0.0, 0.0, 0.0, 0.0, 0.0, 0.0, 0.0, 0.0, 0.0, 0.0, 0.0, 0.0, 0.0, 0.0, 0.0, 0.0, 0.0, 0.0, 0.0, 0.0, 0.0, 0.0, 0.0, 0.0, 0.0, 0.0, 0.0, 0.0, 0.0, 0.0, 0.0, 0.0, 0.0, 0.0, 0.0, 0.0, 0.0, 0.0, 0.0, 0.0, 0.0, 0.0, 0.0, 0.0, 0.0, 0.0, 0.0, 0.0, 0.0, 0.0, 0.0, 0.0, 0.0, 0.0, 0.0, 0.0, 0.0, 0.0, 0.0, 0.0, 0.0, 0.0, 0.0, 0.0, 0.0, 0.0, 0.0, 0.0, 0.0, 0.0, 0.0, 0.0, 0.0, 0.0, 0.0, 0.0, 0.0, 0.0, 0.0, 0.0, 0.0, 0.0, 0.0, 0.0, 0.0, 0.0],
    "quat_Z": [0.0, 0.0, 0.0, 0.0, 0.0, 0.0, 0.0, 0.0, 0.0, 0.0, 0.0, 0.0, 0.0, 0.0, 0.0, 0.0, 0.0, 0.0, 0.0, 0.0, 0.0, 0.0, 0.0, 0.0, 0.0, 0.0, 0.0, 0.0, 0.0, 0.0, 0.0, 0.0, 0.0, 0.0, 0.0, 0.0, 0.0, 0.0, 0.0, 0.0, 0.0, 0.0, 0.0, 0.0, 0.0, 0.0, 0.0, 0.0, 0.0, 0.0, 0.0, 0.0, 0.0, 0.0, 0.0, 0.0, 0.0, 0.0, 0.0, 0.0, 0.0, 0.0, 0.0, 0.0, 0.0, 0.0, 0.0, 0.0, 0.0, 0.0, 0.0, 0.0, 0.0, 0.0, 0.0, 0.0, 0.0, 0.0, 0.0, 0.0, 0.0, 0.0, 0.0, 0.0, 0.0, 0.0, 0.0, 0.0, 0.0, 0.0, 0.0, 0.0, 0.0, 0.0, 0.0, 0.0, 0.0, 0.0, 0.0, 0.0],
    "quat_W": [0.0, 0.0, 0.0, 0.0, 0.0, 0.0, 0.0, 0.0, 0.0, 0.0, 0.0, 0.0, 0.0, 0.0, 0.0, 0.0, 0.0, 0.0, 0.0, 0.0, 0.0, 0.0, 0.0, 0.0, 0.0, 0.0, 0.0, 0.0, 0.0, 0.0, 0.0, 0.0, 0.0, 0.0, 0.0, 0.0, 0.0, 0.0, 0.0, 0.0, 0.0, 0.0, 0.0, 0.0, 0.0, 0.0, 0.0, 0.0, 0.0, 0.0, 0.0, 0.0, 0.0, 0.0, 0.0, 0.0, 0.0, 0.0, 0.0, 0.0, 0.0, 0.0, 0.0, 0.0, 0.0, 0.0, 0.0, 0.0, 0.0, 0.0, 0.0, 0.0, 0.0, 0.0, 0.0, 0.0, 0.0, 0.0, 0.0, 0.0, 0.0, 0.0, 0.0, 0.0, 0.0, 0.0, 0.0, 0.0, 0.0, 0.0, 0.0, 0.0, 0.0, 0.0, 0.0, 0.0, 0.0, 0.0, 0.0, 0.0]
} 
