 
{
    "X": [0.26, 0.25947653588269, 0.2579082513360068, 0.2553014612883038, 0.25166666236305263, 0.24701849061264583, 0.2413756625841789, 0.2347608999545215, 0.22720083803814412, 0.2187259185361071, 0.20937026695807529, 0.1991715552109343, 0.18817084990731828, 0.17641244700485437, 0.16394369344197582, 0.15081479648851157, 0.1370786215787307, 0.12279047944089752, 0.10800790338049045, 0.0927904176138867, 0.07719929758535156, 0.061297323232451115, 0.04514852619340187, 0.028817931974262904, 0.012371298114172983, -0.00412515059705013, -0.020604988782765007, -0.03700185795105408, -0.05324973369694958, -0.06928319155940915, -0.08503767046252962, -0.10044973268021339, -0.11545731927750126, -0.13000000000000003, -0.14401921660518868, -0.15745851865579336, -0.17026379082577411, -0.18238347080364356, -0.1937687569156962, -0.2043738046331247, -0.21415591117175645, -0.22307568744109404, -0.23109721665028007, -0.23818819893233817, -0.2443200814043362, -0.24946817313976932, -0.25361174459020586, -0.2567341110558625, -0.258822699869002, -0.2598691010196281, -0.2598691010196281, -0.258822699869002, -0.2567341110558625, -0.25361174459020586, -0.24946817313976935, -0.24432008140433623, -0.2381881989323381, -0.23109721665028013, -0.22307568744109396, -0.21415591117175647, -0.20437380463312477, -0.19376875691569628, -0.18238347080364362, -0.17026379082577425, -0.15745851865579336, -0.14401921660518874, -0.12999999999999992, -0.11545731927750125, -0.10044973268021347, -0.0850376704625297, -0.06928319155940903, -0.05324973369694956, -0.03700185795105418, -0.0206049887827651, -0.004125150597049995, 0.012371298114173004, 0.028817931974262807, 0.04514852619340178, 0.06129732323245113, 0.07719929758535145, 0.09279041761388662, 0.10800790338049056, 0.12279047944089753, 0.13707862157873063, 0.15081479648851145, 0.16394369344197593, 0.1764124470048544, 0.18817084990731822, 0.19917155521093424, 0.20937026695807529, 0.21872591853610712, 0.22720083803814406, 0.23476089995452148, 0.2413756625841789, 0.2470184906126458, 0.25166666236305263, 0.2553014612883038, 0.2579082513360068, 0.25947653588269, 0.26],
    "Y": [2.6942229581241776e-17, -0.027850339786224813, -0.05525255717983739, -0.08176574024527203, -0.10696328194210308, -0.13043974439202088, -0.1518173825260646, -0.17075222214418656, -0.18693959458889314, -0.20011903897799407, -0.21007849311769625, -0.2166577056626858, -0.21975081462026178, -0.21930805070942735, -0.21533653816725132, -0.2079001801172271, -0.19711863034409396, -0.18316536801964972, -0.1662649063579368, -0.1466891801135842, -0.1247531700498097, -0.10080983478003035, -0.0752444315316471, -0.04846831721303901, -0.020912329526920168, 0.006980145369575, 0.034760307114136996, 0.06198116250511445, 0.08820471778945502, 0.1130090261461495, 0.13599497696853316, 0.15679271770334977, 0.17506760491678308, 0.19052558883257656, 0.20291794470300792, 0.2120452748831873, 0.21776071721380522, 0.21997230808825255, 0.21864446218147593, 0.21379854503117923, 0.20551252925832358, 0.19391973995846806, 0.17920670945107392, 0.1616101759046572, 0.1414132741310386, 0.11894097984023148, 0.09455488065961785, 0.06864735805366737, 0.04163527375929018, 0.013953262324444224, -0.013953262324444453, -0.0416352737592904, -0.06864735805366723, -0.09455488065961772, -0.11894097984023136, -0.14141327413103846, -0.16161017590465734, -0.17920670945107384, -0.19391973995846817, -0.20551252925832353, -0.2137985450311792, -0.21864446218147593, -0.21997230808825255, -0.21776071721380527, -0.2120452748831873, -0.20291794470300797, -0.19052558883257645, -0.17506760491678305, -0.15679271770334988, -0.13599497696853327, -0.1130090261461493, -0.08820471778945499, -0.06198116250511461, -0.03476030711413715, -0.006980145369574771, 0.0209123295269202, 0.04846831721303885, 0.07524443153164695, 0.10080983478003037, 0.12475317004980956, 0.1466891801135841, 0.16626490635793698, 0.18316536801964975, 0.19711863034409388, 0.20790018011722705, 0.21533653816725137, 0.21930805070942735, 0.21975081462026178, 0.21665770566268583, 0.21007849311769625, 0.20011903897799405, 0.18693959458889323, 0.17075222214418664, 0.15181738252606458, 0.13043974439202094, 0.10696328194210322, 0.0817657402452719, 0.05525255717983736, 0.02785033978622487, 1.3471114790620887e-16],
    "Z": [1.5308084989341915e-17, -0.01585597991414111, -0.031648113393437295, -0.047312811090102526, -0.06278699679526978, -0.07800836142462175, -0.09291561391508185, -0.10744872802229291, -0.12154918402511714, -0.13516020436389942, -0.14822698226366007, -0.16069690242163484, -0.17251975287052795, -0.1836479271643833, -0.19403661607293923, -0.20364398801258393, -0.21243135748737857, -0.2203633408618955, -0.2274079988386296, -0.23353696506627666, -0.23872556036101844, -0.2429528920808854, -0.246201938253052, -0.24845961611531353, -0.249716834795752, -0.24996853191846877, -0.2492136939879856, -0.2474553604702332, -0.24470061155369469, -0.2409605396399855, -0.23625020467866711, -0.23058857352614537, -0.22399844357283397, -0.21650635094610965, -0.20814246365869285, -0.19894046013270802, -0.1889373935885646, -0.1781735428447157, -0.16669225012907293, -0.15453974655515137, -0.1417649659656928, -0.12841934789335158, -0.11455663043185264, -0.10023263385165332, -0.08550503583141714, -0.07043313921035743, -0.055077633196635216, -0.0395003489933376, -0.023764010826045623, -0.00793198337451693, 0.00793198337451706, 0.023764010826045755, 0.03950034899333751, 0.055077633196635126, 0.07043313921035733, 0.08550503583141704, 0.10023263385165343, 0.11455663043185256, 0.1284193478933517, 0.14176496596569274, 0.1545397465551513, 0.16669225012907285, 0.17817354284471565, 0.18893739358856446, 0.19894046013270802, 0.2081424636586928, 0.2165063509461097, 0.223998443572834, 0.23058857352614534, 0.2362502046786671, 0.24096053963998554, 0.24470061155369469, 0.24745536047023317, 0.24921369398798557, 0.24996853191846877, 0.249716834795752, 0.24845961611531353, 0.24620193825305203, 0.2429528920808854, 0.23872556036101847, 0.2335369650662767, 0.22740799883862955, 0.2203633408618955, 0.2124313574873786, 0.203643988012584, 0.19403661607293915, 0.1836479271643833, 0.172519752870528, 0.1606969024216349, 0.14822698226366007, 0.1351602043638994, 0.12154918402511722, 0.107448728022293, 0.09291561391508182, 0.07800836142462178, 0.06278699679526986, 0.04731281109010245, 0.031648113393437274, 0.015855979914141144, 7.654042494670958e-17],
    "quat_X": [1.0, 1.0, 1.0, 1.0, 1.0, 1.0, 1.0, 1.0, 1.0, 1.0, 1.0, 1.0, 1.0, 1.0, 1.0, 1.0, 1.0, 1.0, 1.0, 1.0, 1.0, 1.0, 1.0, 1.0, 1.0, 1.0, 1.0, 1.0, 1.0, 1.0, 1.0, 1.0, 1.0, 1.0, 1.0, 1.0, 1.0, 1.0, 1.0, 1.0, 1.0, 1.0, 1.0, 1.0, 1.0, 1.0, 1.0, 1.0, 1.0, 1.0, 1.0, 1.0, 1.0, 1.0, 1.0, 1.0, 1.0, 1.0, 1.0, 1.0, 1.0, 1.0, 1.0, 1.0, 1.0, 1.0, 1.0, 1.0, 1.0, 1.0, 1.0, 1.0, 1.0, 1.0, 1.0, 1.0, 1.0, 1.0, 1.0, 1.0, 1.0, 1.0, 1.0, 1.0, 1.0, 1.0, 1.0, 1.0, 1.0, 1.0, 1.0, 1.0, 1.0, 1.0, 1.0, 1.0, 1.0, 1.0, 1.0, 1.0],
    "quat_Y": [0.0, 0.0, 0.0, 0.0, 0.0, 0.0, 0.0, 0.0, 0.0, 0.0, 0.0, 0.0, 0.0, 0.0, 0.0, 0.0, 0.0, 0.0, 0.0, 0.0, 0.0, 0.0, 0.0, 0.0, 0.0, 0.0, 0.0, 0.0, 0.0, 0.0, 0.0, 0.0, 0.0, 0.0, 0.0, 0.0, 0.0, 0.0, 0.0, 0.0, 0.0, 0.0, 0.0, 0.0, 0.0, 0.0, 0.0, 0.0, 0.0, 0.0, 0.0, 0.0, 0.0, 0.0, 0.0, 0.0, 0.0, 0.0, 0.0, 0.0, 0.0, 0.0, 0.0, 0.0, 0.0, 0.0, 0.0, 0.0, 0.0, 0.0, 0.0, 0.0, 0.0, 0.0, 0.0, 0.0, 0.0, 0.0, 0.0, 0.0, 0.0, 0.0, 0.0, 0.0, 0.0, 0.0, 0.0, 0.0, 0.0, 0.0, 0.0, 0.0, 0.0, 0.0, 0.0, 0.0, 0.0, 0.0, 0.0, 0.0],
    "quat_Z": [0.0, 0.0, 0.0, 0.0, 0.0, 0.0, 0.0, 0.0, 0.0, 0.0, 0.0, 0.0, 0.0, 0.0, 0.0, 0.0, 0.0, 0.0, 0.0, 0.0, 0.0, 0.0, 0.0, 0.0, 0.0, 0.0, 0.0, 0.0, 0.0, 0.0, 0.0, 0.0, 0.0, 0.0, 0.0, 0.0, 0.0, 0.0, 0.0, 0.0, 0.0, 0.0, 0.0, 0.0, 0.0, 0.0, 0.0, 0.0, 0.0, 0.0, 0.0, 0.0, 0.0, 0.0, 0.0, 0.0, 0.0, 0.0, 0.0, 0.0, 0.0, 0.0, 0.0, 0.0, 0.0, 0.0, 0.0, 0.0, 0.0, 0.0, 0.0, 0.0, 0.0, 0.0, 0.0, 0.0, 0.0, 0.0, 0.0, 0.0, 0.0, 0.0, 0.0, 0.0, 0.0, 0.0, 0.0, 0.0, 0.0, 0.0, 0.0, 0.0, 0.0, 0.0, 0.0, 0.0, 0.0, 0.0, 0.0, 0.0],